{"sections":{"banner":{"type":"main-collection-banner","settings":{"show_collection_description":true,"show_collection_image":false,"color_scheme":"scheme-2"}},"product-grid":{"type":"main-collection-product-grid","settings":{"products_per_page":24,"columns_desktop":4,"color_scheme":"scheme-2","image_ratio":"square","image_shape":"blob","show_secondary_image":true,"show_vendor":false,"show_rating":true,"quick_add":"standard","enable_filtering":true,"filter_type":"horizontal","enable_sorting":true,"columns_mobile":"2","padding_top":0,"padding_bottom":60}}},"order":["banner","product-grid"]}