{"sections":{"slideshow_7MhNxM":{"type":"slideshow","blocks":{"slide_zA8e7G":{"type":"slide","settings":{"image":"shopify:\/\/shop_images\/desktop1.jpg","heading":"Limited Time Offer","heading_size":"h1","subheading":"Don’t miss your chance to save 60% today!","button_label":"Shop Now","link":"shopify:\/\/products\/neckease-massager","button_style_secondary":true,"box_align":"middle-center","show_text_box":false,"text_alignment":"center","image_overlay_opacity":0,"color_scheme":"scheme-2","text_alignment_mobile":"center"}}},"block_order":["slide_zA8e7G"],"custom_css":["@media (max-width: 749px) {slideshow-component {display: none; }}",".button,.button-label,.shopify-challenge__button,.customer button {font-weight: 900 !important; min-width: 150px; min-height: 50px; font-size: 28px;}"],"settings":{"layout":"full_bleed","slide_height":"adapt_image","slider_visual":"dots","auto_rotate":false,"change_slides_speed":3,"image_behavior":"none","show_text_below":true,"accessibility_info":"Slideshow about our brand"}},"slideshow_iRKhPQ":{"type":"slideshow","blocks":{"slide_hcDwQc":{"type":"slide","settings":{"image":"shopify:\/\/shop_images\/mobile2.jpg","heading":"Limited Time Offer","heading_size":"h2","subheading":"<strong>Don't miss your chance to save 60% today!<\/strong>","button_label":"Shop Now","link":"shopify:\/\/products\/neckease-massager","button_style_secondary":true,"box_align":"bottom-left","show_text_box":true,"text_alignment":"center","image_overlay_opacity":10,"color_scheme":"scheme-5","text_alignment_mobile":"center"}}},"block_order":["slide_hcDwQc"],"custom_css":["@media (min-width: 750px) {slideshow-component {display: none; }}",".button,.button-label,.shopify-challenge__button,.customer button {font-weight: 900 !important; min-width: 100px; min-height: 40px; font-size: 20px;}"],"settings":{"layout":"full_bleed","slide_height":"adapt_image","slider_visual":"dots","auto_rotate":true,"change_slides_speed":3,"image_behavior":"none","show_text_below":false,"accessibility_info":""}},"custom_liquid_A7mcAE":{"type":"custom-liquid","settings":{"custom_liquid":"<img src=\"https:\/\/compressionsocksworld.co\/cdn\/shop\/files\/Untitled_design_f841dc1f-1cb4-44cf-8e21-a2d322b2b494.jpg\" width=\"100%\" height=\"100%\">","color_scheme":"scheme-2","padding_top":48,"padding_bottom":12}},"featured_collection_AtQWWY":{"type":"featured-collection","custom_css":["h2 {text-align: center;}"],"name":"t:sections.featured-collection.presets.name","settings":{"title":"<strong>BodyLax Collection<\/strong>","heading_size":"h2","description":"","show_description":false,"description_style":"body","collection":"electric-massagers","products_to_show":4,"columns_desktop":4,"full_width":false,"show_view_all":false,"view_all_style":"link","enable_desktop_slider":false,"color_scheme":"scheme-2","image_ratio":"square","image_shape":"blob","show_secondary_image":false,"show_vendor":false,"show_rating":true,"quick_add":"none","columns_mobile":"2","swipe_on_mobile":false,"padding_top":36,"padding_bottom":36}},"image_with_text_FBRNUF":{"type":"image-with-text","blocks":{"heading_kpFmK8":{"type":"heading","settings":{"heading":"<strong>Instant Relief, Anytime<\/strong>","heading_size":"h2"}},"text_g37Ppd":{"type":"text","settings":{"text":"<p>Experience spa-level relief anytime, anywhere. Our premium massager targets deep tissue tension with powerful kneading and optional heat therapy. Adjustable settings let you customize your comfort, delivering instant relaxation and lasting relief—just like a real masseuse.<\/p><p><em><strong>Your wellness isn’t a luxury. It’s a necessity.<\/strong><\/em><\/p>","text_style":"body"}}},"block_order":["heading_kpFmK8","text_g37Ppd"],"custom_css":["h2 {text-align: center !important;}",".button,.button-label,.shopify-challenge__button,.customer button {font-weight: bold !important; color: #fff; text-align: center !important; align-items: center !important;}","a.button.button--primary {margin: 30px auto; margin-bottom: 0px;}"],"settings":{"image":"shopify:\/\/shop_images\/1702908391185f87a9f7.webp","height":"adapt","desktop_image_width":"small","layout":"image_first","desktop_content_position":"middle","desktop_content_alignment":"left","content_layout":"no-overlap","section_color_scheme":"scheme-2","color_scheme":"scheme-2","image_behavior":"none","mobile_content_alignment":"left","padding_top":36,"padding_bottom":36}},"17543837185f2d7680":{"type":"apps","blocks":{"judge_me_reviews_testimonials_carousel_EGAxUx":{"type":"shopify:\/\/apps\/judge-me-reviews\/blocks\/testimonials_carousel\/61ccd3b1-a9f2-4160-9fe9-4fec8413e5d8","settings":{"show_sample_reviews":true,"reviews_selection":"featured_reviews","products":[],"star_rating":"5_star","max_reviews":20,"quote_marks_size":"small","product_name_text_size":"small","verified_badge_style":"icon","card_height":"tall","text_size":"extra_small","stars_size":"small","arrows_position":"bottom","max_width":1100,"corner_styling":"square","quote_marks_style":"serif","card_color":"#f9f9f9","stars_and_quote_marks_color":"#ffaa25","text_color":"#295952","arrows_color":"#295952","show_border":false,"border_color":"#108474","show_drop_shadow":true,"transition_speed":5,"header_text":"Testimonials","show_average_rating":false}}},"block_order":["judge_me_reviews_testimonials_carousel_EGAxUx"],"settings":{"include_margins":true}}},"order":["slideshow_7MhNxM","slideshow_iRKhPQ","custom_liquid_A7mcAE","featured_collection_AtQWWY","image_with_text_FBRNUF","17543837185f2d7680"]}