{"name":"t:sections.footer.name","type":"footer","sections":{"ss_footer_3_MU6NqF":{"type":"ss-footer-3","name":"SS - Footer #3","settings":{"logo":"shopify:\/\/shop_images\/Logo.png","logo_width":200,"logo_width_mobile":100,"first_menu_title":"Sitemap","first_menu":"main-menu","second_menu_title":"Policies","second_menu":"policies","third_menu_title":"Customer","third_menu":"customer-account-main-menu","title_custom":false,"title_font":"josefin_sans_n4","title_size":16,"title_size_mobile":16,"title_height":130,"link_custom":false,"link_font":"josefin_sans_n4","link_size":16,"link_size_mobile":16,"link_height":200,"social_text":"<h3>Let's be social<\/h3>","social_text_custom":false,"social_text_font":"josefin_sans_n4","social_text_size":24,"social_text_size_mobile":20,"social_text_height":130,"twitter":"#","facebook":"","linkedin":"#","instagram":"#","youtube":"#","pinterest":"#","whatsapp":"","tiktok":"","social_icon":25,"social_icon_mobile":25,"title":"","main_title_custom":false,"main_title_font":"josefin_sans_n4","main_title_size":16,"main_title_size_mobile":16,"main_title_height":130,"text":"<p><a href=\"#\">Privacy Policy<\/a><\/p><p><a href=\"#\">Terms of Service<\/a><\/p>","text_custom":false,"text_font":"josefin_sans_n4","text_size":12,"text_size_mobile":12,"text_height":200,"use_payments":true,"copy":"<p>© 2025, BODYLAX.STORE<\/p>","copy_custom":false,"copy_font":"josefin_sans_n4","copy_size":13,"copy_size_mobile":13,"copy_height":130,"use_newsletter":true,"input_padding_vertical":14,"input_padding_horizontal":10,"input_radius":6,"input_border_thickness":1,"input_placeholder":"Email","input_custom":false,"input_font":"josefin_sans_n4","input_size":16,"input_size_mobile":16,"input_height":100,"submit":"Join","submit_custom":false,"submit_font":"josefin_sans_n4","submit_size":16,"submit_size_mobile":16,"submit_height":100,"submit_padding_vertical":16,"submit_padding_horizontal":16,"submit_radius":6,"submit_border_thickness":0,"input_border_color":"#121212","input_color":"#121212","input_placeholder_color":"#505152","submit_color":"#ffffff","submit_hover_color":"#ffffff","submit_bg_color":"#295952","submit_bg_hover_color":"#295952","submit_border_color":"#295952","submit_border_hover_color":"#295952","social_text_color":"#295952","social_text_link_color":"#295952","social_icon_color":"#295952","title_color":"#295952","link_color":"#295952","link_hover_color":"#295952","text_color":"#295952","main_title_color":"#295952","copy_color":"#295952","footer_border_color":"#b2dfdb","background_color":"#b2dfdb","background_gradient":"","border_color":"#000000","margin_top":0,"margin_bottom":0,"padding_top":36,"padding_bottom":36,"padding_horizontal":5,"padding_horizontal_mobile":1.5,"full_width":false,"content_width":160,"border_thickness":0,"lazy":true}},"newsletter_PrfLMx":{"type":"newsletter","blocks":{"heading_jMNiJE":{"type":"heading","settings":{"heading":"Subscribe to our emails","heading_size":"h2"}},"paragraph_ipUGhV":{"type":"paragraph","settings":{"text":"<p>Exclusive deals, wellness tips & more-right to your inbox.<\/p>"}},"email_form_zqTLqt":{"type":"email_form","settings":{}}},"block_order":["heading_jMNiJE","paragraph_ipUGhV","email_form_zqTLqt"],"disabled":true,"settings":{"color_scheme":"scheme-2","full_width":true,"padding_top":40,"padding_bottom":52}},"footer":{"type":"footer","blocks":{"image_k8bVfh":{"type":"image","settings":{"image_width":200,"alignment":"center"}},"text_37FLDT":{"type":"text","settings":{"heading":"About Us","subtext":"<p>We create simple, effective wellness products that help you move, breathe, and sleep better-every day.<\/p>"}},"brand_information_K4FyHM":{"type":"brand_information","disabled":true,"settings":{"show_social":true}},"link_list_q9aU9B":{"type":"link_list","settings":{"heading":"Policies","menu":"policies"}}},"block_order":["image_k8bVfh","text_37FLDT","brand_information_K4FyHM","link_list_q9aU9B"],"disabled":true,"settings":{"color_scheme":"scheme-2","newsletter_enable":false,"newsletter_heading":"Subscribe to our emails","enable_follow_on_shop":false,"show_social":false,"enable_country_selector":false,"enable_language_selector":false,"payment_enable":true,"show_policy":true,"margin_top":0,"padding_top":44,"padding_bottom":60}}},"order":["ss_footer_3_MU6NqF","newsletter_PrfLMx","footer"]}