{"name":"t:sections.header.name","type":"header","sections":{"ss_countdown_bar_C8mhUU":{"type":"ss-countdown-bar","blocks":{"text_ykNVWP":{"type":"text","settings":{"heading":"🕒 Hurry! Sale Ends In:","color":"#295952","font_size":19}},"timer_HrMcT4":{"type":"timer","settings":{"year":"2040","month":"01","day":"01","hour":"00","minute":"00","hide_timer_on_completed":false,"color":"#295952","font_size_number":20,"font_size_text":10}}},"block_order":["text_ykNVWP","timer_HrMcT4"],"name":"SS - Countdown Timer Bar","settings":{"target_selector":".header, .pageheader, .section-header, #announcement, .toolbar, .header__wrapper, .onboarding-header","use_cross":false,"days_text":"","hours_text":"Hrs","mins_text":"Mins","seconds_text":"Secs","background-color":"#b2dfdb"}},"header":{"type":"header","custom_css":[".header__active-menu-item {color: white !important; background-color: #295952; font-weight: bold !important; border-radius: 5px !important; border-top-left-radius: 20px; border-bottom-left-radius: 20px; text-decoration: none;}",".header__menu-item span {color: #295952; font-weight: bold !important; font-size: 15px; padding-left: 10px !important; padding-right: 10px !important; padding-top: 5px !important; padding-bottom: 5px !important;}"],"settings":{"logo_position":"top-center","menu":"main-menu","menu_type_desktop":"dropdown","sticky_header_type":"none","show_line_separator":true,"color_scheme":"scheme-2","menu_color_scheme":"scheme-2","enable_country_selector":true,"enable_language_selector":true,"enable_customer_avatar":true,"mobile_logo_position":"center","margin_bottom":0,"padding_top":20,"padding_bottom":20}}},"order":["ss_countdown_bar_C8mhUU","header"]}